id,duration,timestamp,voltage
1686,24160,2026-05-03 21:55:35.373333,3942
1685,8440,2026-05-03 20:21:42.530000,3944
1684,27980,2026-05-03 15:04:17.046666,3944
1683,6460,2026-05-03 14:19:46.610000,3942
1682,13580,2026-05-03 13:55:21.583333,3942
1681,5000,2026-05-03 13:47:52.423333,3942
1679,5900,2026-05-03 13:47:45.843333,3944
1677,5120,2026-05-03 13:47:39.333333,3946
1675,25240,2026-05-03 13:47:32.536666,3946
1673,7660,2026-05-03 13:47:25.816666,3944
1671,6360,2026-05-03 13:47:16.780000,3946
1669,10500,2026-05-03 13:47:10.366666,3944
1667,6380,2026-05-03 13:47:00.740000,3944
1665,11560,2026-05-03 13:46:53.880000,3944
1663,2900,2026-05-03 13:46:46.470000,3906
1662,21480,2026-05-03 13:46:43.226666,3944
1660,6040,2026-05-03 13:46:35.880000,3954
1658,17540,2026-05-03 13:46:28.616666,3950
1656,24080,2026-05-03 13:46:20.933333,3950
1654,3540,2026-05-03 13:46:13.706666,3946
1652,4120,2026-05-03 13:46:05.870000,3950
1651,4340,2026-05-02 20:34:54.423333,3950
1650,3880,2026-05-02 20:33:50.413333,3948
1649,34160,2026-05-02 20:33:35.246666,3954
1648,44220,2026-05-02 19:02:17.743333,3950
1647,4220,2026-05-02 18:48:56.666666,3950
1646,3400,2026-05-02 18:13:48.216666,3952
1645,4360,2026-05-02 18:13:21.246666,3950
1644,13680,2026-05-02 17:57:06.230000,3952
1643,2860,2026-05-02 14:23:15.173333,3950
1642,6080,2026-05-02 12:25:52.730000,3948
1641,27340,2026-05-02 12:23:03.223333,3952
1640,17440,2026-05-02 11:03:04.476666,3948
1639,14540,2026-05-02 11:01:26.530000,3948
1638,3240,2026-05-02 08:16:14.230000,3948
1637,4440,2026-05-02 07:46:40.423333,3950
1636,11820,2026-05-02 07:44:27.353333,3950
1635,7260,2026-05-02 07:32:36.173333,3954
1634,4020,2026-05-02 07:31:35.903333,3950
1633,38400,2026-05-02 07:26:17.196666,3952
1632,13840,2026-05-02 07:25:39.480000,3952
1631,10080,2026-05-02 07:15:40.576666,3950
1630,16380,2026-05-02 07:11:39.156666,3954
1629,54500,2026-05-01 19:59:36.800000,3952
1628,3360,2026-05-01 19:17:33.776666,3950
1627,4320,2026-05-01 19:13:01,3952
1626,9320,2026-05-01 19:00:00.866666,3956
1625,3460,2026-05-01 13:30:02.600000,3954
1624,2840,2026-05-01 13:22:16.340000,3950
1623,3360,2026-05-01 13:17:46.520000,3952
1622,4780,2026-05-01 13:15:15.923333,3954
1621,4120,2026-05-01 12:57:54.860000,3954
1620,4820,2026-05-01 12:57:32.650000,3952
1619,11060,2026-05-01 12:47:51.020000,3950
1618,7200,2026-05-01 12:32:05.433333,3952
1617,1580,2026-05-01 12:25:54.033333,3944
1616,9060,2026-05-01 12:25:50.310000,3952
1615,16080,2026-05-01 10:34:42.310000,3952
1614,10140,2026-05-01 09:52:22.820000,3952
1613,14600,2026-05-01 09:23:19.176666,3952
1612,3460,2026-05-01 09:04:39.816666,3952
1611,12160,2026-05-01 06:25:55.733333,3954
1610,16400,2026-04-30 21:46:25.250000,3952
1609,6180,2026-04-30 20:34:06.020000,3954
1608,16020,2026-04-30 20:33:08.026666,3954
1607,4500,2026-04-30 20:29:05.503333,3952
1606,20360,2026-04-30 20:24:22.730000,3954
1605,3160,2026-04-30 20:10:42.896666,3954
1604,16100,2026-04-30 19:55:37.380000,3954
1603,72420,2026-04-30 19:54:59.660000,3954
1602,4440,2026-04-30 19:52:01.713333,3954
1601,5500,2026-04-30 18:57:43.393333,3954
1600,7120,2026-04-30 11:55:16.773333,3954
1599,11680,2026-04-30 06:18:57.013333,3952
1598,3800,2026-04-30 05:23:54.673333,3954
1597,5160,2026-04-30 05:06:39.723333,3956
1596,31400,2026-04-30 05:06:22.950000,3952
1595,6600,2026-04-29 19:12:23.666666,3954
1594,7960,2026-04-29 19:11:50.043333,3956
1593,5580,2026-04-29 19:06:38.343333,3954
1592,8320,2026-04-29 19:05:53.643333,3956
1591,3980,2026-04-29 18:23:44.336666,3954
1590,15200,2026-04-29 15:43:10.856666,3956
1589,6020,2026-04-29 11:37:12.566666,3958
1588,6380,2026-04-29 06:23:58.950000,3958
1587,3420,2026-04-29 05:14:41.176666,3960
1586,4200,2026-04-29 05:05:34.470000,3960
1585,27240,2026-04-29 05:04:39.040000,3958
1584,3340,2026-04-28 20:34:32.440000,3956
1583,8400,2026-04-28 20:34:25.056666,3958
1582,20780,2026-04-28 20:08:57.940000,3954
1581,9480,2026-04-28 20:07:54.370000,3958
1580,6780,2026-04-28 20:05:46.950000,3958
1579,21820,2026-04-28 19:19:12.566666,3958
1578,3920,2026-04-28 19:03:14.600000,3956
1577,8520,2026-04-28 18:51:46.326666,3956
1576,10140,2026-04-28 18:17:55.593333,3961
1575,9580,2026-04-28 18:15:54.810000,3958
1574,9180,2026-04-28 18:06:31.803333,3960
1573,3520,2026-04-28 15:35:54.016666,3960
1572,3000,2026-04-28 15:35:32.293333,3956
1571,46120,2026-04-28 09:13:09.570000,3963
1570,2960,2026-04-28 08:35:35.823333,3961
1569,2960,2026-04-28 08:35:14.266666,3961
1568,8500,2026-04-28 08:34:59.583333,3958
1567,10100,2026-04-28 07:50:02.160000,3960
1566,6500,2026-04-28 07:49:26.880000,3958
1565,4120,2026-04-27 20:25:15.030000,3958
1564,3260,2026-04-27 20:16:48.170000,3956
1563,5420,2026-04-27 20:15:46.493333,3961
1562,18460,2026-04-27 20:11:33.030000,3961
1561,3700,2026-04-27 18:20:54.633333,3958
1560,12300,2026-04-27 18:19:57.810000,3960
1559,5200,2026-04-27 18:00:04.890000,3960
1558,10200,2026-04-27 17:57:45.416666,3960
1557,39740,2026-04-27 17:56:40.570000,3960
1556,3600,2026-04-27 17:49:19.786666,3963
1555,5100,2026-04-27 17:49:03.563333,3963
1554,36360,2026-04-27 09:26:23.146666,3960
1553,2860,2026-04-27 08:30:49.810000,3963
1552,18900,2026-04-27 07:41:42.890000,3961
1551,7400,2026-04-27 06:09:54.130000,3961
1550,3580,2026-04-26 21:26:32.113333,3960
1549,8320,2026-04-26 20:33:43.460000,3960
1548,18300,2026-04-26 20:10:09.936666,3963
1547,32780,2026-04-26 20:06:41.070000,3960
1546,32160,2026-04-26 20:05:58.320000,3963
1545,4000,2026-04-26 16:31:06.333333,3963
1544,8160,2026-04-26 14:02:20.696666,3963
1543,5440,2026-04-26 13:33:23.483333,3961
1542,6360,2026-04-26 13:32:57.876666,3963
1541,2540,2026-04-26 13:31:04.486666,3963
1540,2940,2026-04-26 13:27:47.023333,3961
1539,28600,2026-04-26 13:26:48.656666,3963
1538,8680,2026-04-26 13:08:52.310000,3961
1537,6780,2026-04-26 12:42:00.636666,3963
1536,3560,2026-04-26 12:38:54.246666,3963
1535,3420,2026-04-26 12:38:32.360000,3963
1534,8500,2026-04-26 12:32:09.296666,3965
1533,4280,2026-04-26 12:26:53.213333,3963
1532,28080,2026-04-26 12:26:30.773333,3963
1531,14480,2026-04-26 09:13:15.556666,3963
1530,4340,2026-04-26 09:02:03.160000,3961
1529,3340,2026-04-26 08:54:39.143333,3963
1528,6300,2026-04-26 08:54:29.613333,3963
1527,5760,2026-04-26 08:46:13.653333,3961
1526,28640,2026-04-26 08:36:29.766666,3961
1525,4080,2026-04-25 23:02:21.660000,3963
1524,22340,2026-04-25 20:34:26.210000,3963
1523,4560,2026-04-25 20:21:31.750000,3965
1522,20220,2026-04-25 20:06:49.520000,3963
1521,1440,2026-04-25 19:53:50.650000,3963
1520,35140,2026-04-25 19:53:22.406666,3963
1519,7220,2026-04-25 19:48:45.750000,3965
1518,4260,2026-04-25 18:18:11.043333,3963
1517,3420,2026-04-25 15:32:37.076666,3963
1516,3540,2026-04-25 15:32:21.290000,3965
1515,3980,2026-04-25 15:29:42.510000,3963
1514,8040,2026-04-25 15:29:22.743333,3963
1513,4960,2026-04-25 14:16:05.036666,3965
1512,6820,2026-04-25 14:15:26.366666,3965
1511,14080,2026-04-25 13:47:57.330000,3965
1510,3480,2026-04-25 13:46:28.340000,3965
1509,15280,2026-04-25 13:44:53.523333,3963
1508,9960,2026-04-25 13:35:16.073333,3963
1507,10140,2026-04-25 13:18:10.563333,3965
1506,22760,2026-04-25 13:16:49.313333,3963
1505,4700,2026-04-25 12:23:48.333333,3963
1504,5180,2026-04-25 11:18:50.856666,3965
1503,6560,2026-04-25 11:18:26.326666,3963
1502,6600,2026-04-25 09:09:26.786666,3963
1501,3900,2026-04-25 09:08:50.610000,3965
1500,2540,2026-04-25 09:07:12.750000,3963
1499,4320,2026-04-25 08:39:56.186666,3963
1498,22040,2026-04-25 08:29:40.226666,3963
1497,27520,2026-04-25 08:26:36.800000,3963
1496,7160,2026-04-24 22:27:20.660000,3963
1495,120640,2026-04-24 19:50:55.533333,3963
1494,3100,2026-04-24 15:40:55.726666,3963
1493,4540,2026-04-24 15:40:37.660000,3963
1492,5840,2026-04-24 10:18:02.166666,3965
1491,7740,2026-04-24 07:29:10.153333,3965
1490,20880,2026-04-24 07:19:13.130000,3967
1489,3880,2026-04-24 07:18:07.226666,3963
1488,3400,2026-04-24 07:18:00.856666,3965
1487,50140,2026-04-24 07:12:59.120000,3965
1486,5360,2026-04-24 06:10:14.333333,3965
1485,7180,2026-04-23 18:16:45.476666,3965
1484,3380,2026-04-23 17:54:46.920000,3967
1483,24260,2026-04-23 17:50:42.310000,3967
1482,3660,2026-04-23 17:36:18.873333,3969
1481,5220,2026-04-23 17:35:44.293333,3967
1480,3520,2026-04-23 17:32:48.410000,3969
1479,44680,2026-04-23 17:30:54.446666,3969
1478,9840,2026-04-23 16:39:27.870000,3967
1477,12940,2026-04-23 15:28:55.496666,3967
1476,23500,2026-04-23 15:24:00.470000,3965
1475,3380,2026-04-23 14:37:43.323333,3971
1474,4020,2026-04-23 14:27:04.430000,3965
1473,17720,2026-04-23 13:58:48.713333,3971
1472,17660,2026-04-23 06:08:06.723333,3967
1471,24340,2026-04-23 05:01:35.786666,3969
1470,9380,2026-04-22 20:39:35.360000,3967
1469,7920,2026-04-22 20:39:25.870000,3967
1468,12020,2026-04-22 20:39:17.233333,3969
1467,8120,2026-04-22 20:37:00.493333,3971
1466,75940,2026-04-22 20:36:18.480000,3969
1465,46380,2026-04-22 18:45:02.493333,3971
1464,3600,2026-04-22 13:11:38.040000,3969
1463,8420,2026-04-22 13:04:26.600000,3969
1462,4320,2026-04-22 12:43:10.310000,3967
1461,8940,2026-04-22 12:42:22.910000,3969
1460,6960,2026-04-22 12:41:40.586666,3973
1459,17160,2026-04-22 12:39:22.343333,3969
1458,4540,2026-04-22 12:30:26.826666,3969
1457,13420,2026-04-22 06:06:44.946666,3971
1456,3600,2026-04-22 05:15:13.306666,3969
1455,33000,2026-04-22 05:09:35.626666,3971
1454,4460,2026-04-21 20:19:27.693333,3969
1453,10340,2026-04-21 20:12:22.440000,3973
1452,11740,2026-04-21 19:18:37.856666,3971
1451,6140,2026-04-21 19:10:39.523333,3969
1450,11180,2026-04-21 19:10:07.146666,3973
1449,3620,2026-04-21 19:01:13.050000,3969
1448,7280,2026-04-21 18:58:08.713333,3969
1447,6880,2026-04-21 18:57:58.910000,3973
1446,16380,2026-04-21 18:55:01.176666,3971
1445,16380,2026-04-21 18:53:09.413333,3969
1444,12000,2026-04-21 18:25:03.350000,3973
1443,7040,2026-04-21 16:14:56.606666,3971
1442,3560,2026-04-21 16:04:21.200000,3973
1441,11440,2026-04-21 16:03:35.370000,3973
1440,3080,2026-04-21 09:48:23.503333,3971
1439,3580,2026-04-21 09:40:25.753333,3973
1438,3940,2026-04-21 09:39:02.096666,3973
1437,3200,2026-04-21 08:43:33.353333,3971
1436,2980,2026-04-21 07:23:24.316666,3969
1435,14140,2026-04-21 07:20:19.756666,3971
1434,3820,2026-04-21 07:18:55.320000,3971
1433,19260,2026-04-21 07:18:08.623333,3971
1432,13840,2026-04-20 20:58:54.160000,3971
1431,7880,2026-04-20 20:56:47.416666,3971
1430,4940,2026-04-20 20:52:55.290000,3971
1429,5720,2026-04-20 20:44:18.166666,3973
1428,13400,2026-04-20 20:43:15.560000,3975
1427,18300,2026-04-20 20:42:42.486666,3973
1426,5760,2026-04-20 17:57:59.670000,3973
1425,5580,2026-04-20 08:44:46.660000,3971
1424,3840,2026-04-20 08:44:15.230000,3973
1423,10160,2026-04-20 07:14:57.020000,3973
1422,12340,2026-04-20 07:12:34.606666,3973
1421,8180,2026-04-20 06:06:22.163333,3973
1420,3640,2026-04-19 21:43:38.453333,3975
1419,8120,2026-04-19 20:46:56.676666,3973
1418,4940,2026-04-19 20:45:26.280000,3975
1417,7520,2026-04-19 20:09:11.786666,3973
1416,9120,2026-04-19 20:00:16.186666,3975
1415,4460,2026-04-19 18:35:04.226666,3973
1414,9720,2026-04-19 18:33:15.480000,3977
1413,12160,2026-04-19 18:31:59.793333,3973
1412,40580,2026-04-19 18:19:18.036666,3973
1411,38280,2026-04-19 18:16:44.200000,3977
1410,3420,2026-04-19 14:53:58.773333,3979
1409,3760,2026-04-19 14:53:35.660000,3975
1408,7380,2026-04-19 14:51:09.893333,3975
1407,13140,2026-04-19 12:25:43.273333,3973
1406,4060,2026-04-19 09:37:47.973333,3975
1405,3760,2026-04-19 09:37:25.736666,3977
1404,7880,2026-04-19 09:34:51.250000,3975
1403,5220,2026-04-19 09:29:47.063333,3975
1402,4620,2026-04-19 09:26:48.800000,3977
1401,26300,2026-04-19 09:22:13.960000,3975
1400,67320,2026-04-19 01:12:06.050000,3975
1399,17800,2026-04-19 00:46:48.290000,3973
1398,5000,2026-04-18 19:25:50.720000,3979
1397,5980,2026-04-18 19:25:36.023333,3977
1396,46240,2026-04-18 19:21:27.010000,3977
1395,3420,2026-04-18 16:13:38.620000,3979
1394,6200,2026-04-18 16:06:21.273333,3981
1393,10800,2026-04-18 15:51:59.733333,3979
1392,15740,2026-04-18 11:48:21.876666,3979
1391,5840,2026-04-18 11:47:47.746666,3977
1390,20660,2026-04-18 11:44:07.120000,3979
1389,6480,2026-04-18 09:03:51.406666,3977
1388,20360,2026-04-18 09:03:26.110000,3979
1387,6660,2026-04-18 08:54:52.223333,3979
1386,3380,2026-04-18 08:49:50.546666,3981
1385,12000,2026-04-18 08:43:41.940000,3977
1384,16840,2026-04-18 07:45:48.320000,3977
1383,23540,2026-04-17 22:26:48.870000,3983
1382,16100,2026-04-17 15:33:12.396666,3983
1381,7760,2026-04-17 14:02:33.610000,3983
1380,3360,2026-04-17 14:01:07.906666,3977
1379,5840,2026-04-17 14:00:36.190000,3977
1378,12640,2026-04-17 13:58:44.450000,3979
1377,4240,2026-04-17 13:05:46.080000,3983
1376,38660,2026-04-17 13:01:54.760000,3979
1375,3340,2026-04-17 12:44:08.590000,3981
1374,5400,2026-04-17 12:40:50.260000,3983
1373,9940,2026-04-17 06:05:04.143333,3981
1372,8720,2026-04-17 05:26:03.186666,3979
1371,31240,2026-04-17 05:04:35.650000,3983
1370,9620,2026-04-16 20:51:53.970000,3983
1369,13180,2026-04-16 19:24:54.110000,3979
1368,28040,2026-04-16 19:23:31.350000,3983
1367,20020,2026-04-16 19:22:07.400000,3983
1366,10020,2026-04-16 19:15:20.660000,3981
1365,26040,2026-04-16 19:13:29.400000,3985
1364,14060,2026-04-16 17:45:31.023333,3983
1363,16500,2026-04-16 17:39:47.256666,3981
1362,11500,2026-04-16 17:21:54.270000,3985
1361,6540,2026-04-16 15:22:02.326666,3983
1360,6960,2026-04-16 15:21:29.113333,3977
1359,10380,2026-04-16 15:18:56.256666,3983
1358,7160,2026-04-16 11:24:07.170000,3967
1357,5580,2026-04-16 11:22:03.746666,3983
1356,19920,2026-04-16 05:55:39.330000,3987
1355,8840,2026-04-16 05:51:25.016666,3983
1354,3060,2026-04-16 05:15:57.536666,3983
1353,11920,2026-04-16 05:07:03.833333,3983
1352,32580,2026-04-16 05:05:51.583333,3983
1351,15240,2026-04-15 21:45:45.753333,3983
1350,16160,2026-04-15 19:52:53.663333,3989
1349,3060,2026-04-15 15:12:04.696666,3985
1348,33640,2026-04-15 14:39:34.980000,3985
1347,4060,2026-04-15 13:21:11.930000,3983
1346,5680,2026-04-15 13:18:02.550000,3987
1345,3200,2026-04-15 13:01:44.433333,3983
1344,5800,2026-04-15 12:55:13.290000,3983
1343,4480,2026-04-15 12:37:43.413333,3983
1342,19260,2026-04-15 12:28:04.256666,3987
1341,12800,2026-04-15 12:15:59.886666,3987
1340,13180,2026-04-15 05:29:36.343333,3983
1339,7220,2026-04-15 05:29:13.243333,3983
1338,4820,2026-04-15 05:09:03.663333,3985
1337,4080,2026-04-15 05:08:47.990000,3987
1336,30380,2026-04-15 05:06:12.306666,3985
1335,5480,2026-04-14 21:45:11.296666,3987
1334,5120,2026-04-14 21:39:29.363333,3987
1333,5640,2026-04-14 19:28:11.240000,3987
1332,10740,2026-04-14 19:24:42.563333,3987
1331,9640,2026-04-14 19:22:27.886666,3985
1330,13380,2026-04-14 18:06:12.096666,3985
1329,3080,2026-04-14 15:56:37.113333,3983
1328,11260,2026-04-14 15:49:34.630000,3989
1327,4720,2026-04-14 10:21:34.206666,3985
1326,7980,2026-04-14 07:24:58.066666,3987
1325,18580,2026-04-14 07:24:16.900000,3987
1324,2920,2026-04-14 07:23:01.393333,3987
1323,3140,2026-04-14 07:22:55.136666,3987
1322,10960,2026-04-14 07:17:51.843333,3991
1321,15020,2026-04-14 07:17:24.673333,3987
1320,39840,2026-04-14 07:13:21.406666,3991
1319,3720,2026-04-14 06:07:48.226666,3989
1318,17480,2026-04-14 06:02:38.330000,3989
1317,7040,2026-04-13 20:47:07.720000,3985
1316,4440,2026-04-13 20:37:22.826666,3989
1315,20200,2026-04-13 20:33:19.760000,3989
1314,6420,2026-04-13 19:57:13.240000,3991
1313,19340,2026-04-13 19:54:25.723333,3987
1312,3500,2026-04-13 17:13:17.443333,3987
1311,10960,2026-04-13 17:10:23.800000,3989
1310,5620,2026-04-13 17:08:21.090000,3989
1309,6560,2026-04-13 15:42:34.140000,3991
1308,6700,2026-04-13 10:14:51.066666,3989
1307,10160,2026-04-13 07:46:36.756666,3989
1306,3380,2026-04-13 07:25:09.033333,3989
1305,5720,2026-04-13 07:25:01.536666,3989
1304,20920,2026-04-13 07:20:20.813333,3989
1303,3500,2026-04-12 20:13:40.920000,3991
1302,3000,2026-04-12 20:13:24.186666,3991
1301,14160,2026-04-12 20:12:26.886666,3993
1300,28860,2026-04-12 18:53:39.460000,3993
1299,2920,2026-04-12 17:31:21.523333,3993
1298,17300,2026-04-12 12:01:16.523333,3993
1297,6200,2026-04-12 11:53:17.756666,3989
1296,14520,2026-04-12 08:13:36.836666,3993
1295,3680,2026-04-12 08:04:51.360000,3989
1294,3640,2026-04-12 08:00:29.170000,3991
1293,18680,2026-04-12 07:50:48.180000,3993
1292,8960,2026-04-12 07:50:18.943333,3991
1291,10520,2026-04-12 07:42:49.406666,3991
1290,21860,2026-04-12 07:27:31.763333,3993
1289,5160,2026-04-11 22:15:17.513333,3991
1288,7520,2026-04-11 22:14:34.373333,3993
1287,15880,2026-04-11 21:52:56.706666,3993
1286,3300,2026-04-11 19:58:23.693333,3993
1285,3480,2026-04-11 18:48:49.503333,3993
1284,6320,2026-04-11 18:48:36.050000,3993
1283,3420,2026-04-11 16:33:00.973333,3993
1282,3540,2026-04-11 15:04:20.876666,3993
1281,3200,2026-04-11 14:11:07.360000,3993
1280,4820,2026-04-11 14:02:52.446666,3993
1279,5620,2026-04-11 13:13:49.890000,3991
1278,48640,2026-04-11 12:41:57.336666,3993
1277,6580,2026-04-11 12:24:10.456666,3987
1276,11960,2026-04-11 10:35:09.746666,3993
1275,3920,2026-04-11 09:09:40.373333,3993
1274,3280,2026-04-11 09:08:39.320000,3993
1273,2480,2026-04-11 09:03:45.560000,3993
1272,6160,2026-04-11 09:03:33.940000,3991
1271,82680,2026-04-11 09:02:18.080000,3993
1270,14220,2026-04-11 07:56:45.046666,3993
1269,9180,2026-04-11 06:25:19.040000,3993
1268,12240,2026-04-11 06:20:52.213333,3993
1267,14700,2026-04-11 06:10:23.670000,3995
1266,6300,2026-04-10 21:57:35.376666,3993
1265,4080,2026-04-10 20:54:39.283333,3993
1264,9520,2026-04-10 20:54:12.386666,3993
1263,6380,2026-04-10 20:46:33.940000,3993
1262,12000,2026-04-10 20:45:00.830000,3993
1261,17720,2026-04-10 20:43:48.873333,3993
1260,3320,2026-04-10 16:23:46.080000,3993
1259,8340,2026-04-10 16:23:27.230000,3993
1258,3700,2026-04-10 16:21:11.426666,3993
1257,9160,2026-04-10 10:25:07.800000,3993
1256,3860,2026-04-10 09:03:48.060000,3993
1255,36360,2026-04-10 09:03:34.986666,3993
1254,7280,2026-04-10 07:32:05.786666,3993
1253,19880,2026-04-10 07:23:30.083333,3993
1252,38840,2026-04-10 07:20:57.713333,3993
1251,15080,2026-04-10 07:17:54.110000,3993
1250,8060,2026-04-10 06:09:28.953333,3993
1249,25740,2026-04-10 05:45:00.283333,3993
1248,15020,2026-04-09 19:42:30.300000,3993
1247,5680,2026-04-09 19:41:01.903333,3973
1246,15280,2026-04-09 19:40:56.633333,3993
1245,4540,2026-04-09 18:58:31.290000,3993
1244,3700,2026-04-09 18:47:41.816666,3993
1243,4540,2026-04-09 18:47:31.850000,3993
1242,2820,2026-04-09 18:46:10.456666,3993
1241,29780,2026-04-09 18:46:00.433333,3993
1240,11340,2026-04-09 18:08:28.943333,3993
1239,7400,2026-04-09 16:01:18.733333,3993
1238,3120,2026-04-09 14:09:03.150000,3995
1237,15320,2026-04-09 13:55:50.086666,3995
1236,12480,2026-04-09 06:11:47.380000,3993
1235,33060,2026-04-09 05:11:35.150000,3995
1234,4440,2026-04-09 05:07:33.693333,3995
1233,8180,2026-04-09 05:07:03.713333,3993
1232,9860,2026-04-08 21:01:26.283333,3995
1231,19100,2026-04-08 21:01:00.013333,3993
1230,23840,2026-04-08 21:00:00.396666,3999
1229,7180,2026-04-08 20:55:43.436666,3993
1228,4280,2026-04-08 20:30:47.343333,3993
1227,4340,2026-04-08 17:00:24.716666,3995
1226,5160,2026-04-08 13:11:38.960000,3997
1225,3380,2026-04-08 13:11:22.276666,3993
1224,13940,2026-04-08 13:10:07.090000,3993
1223,22080,2026-04-08 13:02:30.603333,3993
1222,3360,2026-04-08 12:55:11.780000,3995
1221,21640,2026-04-08 12:36:22.480000,3995
1220,17160,2026-04-08 06:14:02.633333,3999
1219,40100,2026-04-08 05:51:45.680000,3997
1218,19140,2026-04-08 05:50:31.133333,3997
1217,3680,2026-04-08 05:08:58.663333,3995
1216,3720,2026-04-08 05:08:13.976666,3997
1215,21660,2026-04-08 05:06:50.510000,3997
1214,7880,2026-04-07 21:04:35.263333,3999
1213,14120,2026-04-07 21:03:44.910000,3997
1212,3660,2026-04-07 20:11:17.960000,3995
1211,29940,2026-04-07 20:03:14.526666,3999
1210,3160,2026-04-07 18:36:52.910000,3995
1209,4820,2026-04-07 18:25:46.573333,3997
1208,5460,2026-04-07 18:02:36.770000,3999
1207,23600,2026-04-07 18:01:52.766666,3997
1206,3200,2026-04-07 17:57:42.200000,3999
1205,15020,2026-04-07 17:57:17.153333,3999
1204,4160,2026-04-07 17:41:35.750000,3997
1203,16360,2026-04-07 17:41:30.626666,3997
1202,25400,2026-04-07 17:40:38.406666,4001
1201,4960,2026-04-07 16:40:34.813333,3995
1200,3960,2026-04-07 16:39:35.186666,3995
1199,37220,2026-04-07 16:37:53.466666,3999
1198,4540,2026-04-07 16:36:24.860000,3997
1197,5800,2026-04-07 16:29:48.563333,3997
1196,29360,2026-04-07 15:18:50.706666,3999
1195,8980,2026-04-07 10:07:27.570000,3997
1194,26720,2026-04-07 07:11:06.423333,4001
1193,31260,2026-04-07 06:05:53.656666,4001
1192,4900,2026-04-06 20:52:34.013333,3997
1191,19500,2026-04-06 18:22:10.816666,4001
1190,6320,2026-04-06 17:01:27.363333,4001
1189,9700,2026-04-06 13:56:59.043333,3997
1188,42460,2026-04-06 13:42:52.146666,4001
1187,5160,2026-04-06 13:34:43.996666,3999
1186,23860,2026-04-06 13:27:41.543333,4001
1185,11600,2026-04-06 12:59:49.063333,4001
1184,12880,2026-04-06 10:36:41.643333,4003
1183,5260,2026-04-06 10:11:59.413333,4001
1182,3900,2026-04-06 09:40:24.396666,4001
1181,19160,2026-04-06 09:38:36.740000,4001
1180,12980,2026-04-06 09:17:00.446666,4001
1179,3760,2026-04-06 08:10:50.450000,3999
1178,5300,2026-04-06 08:10:26.453333,3999
1177,40280,2026-04-06 07:47:57.400000,3999
1176,18780,2026-04-06 07:46:19.816666,4001
1175,4060,2026-04-05 20:44:04.216666,3999
1174,9900,2026-04-05 20:43:11.033333,4001
1173,17860,2026-04-05 20:08:14.306666,4001
1172,14720,2026-04-05 18:54:39.083333,4005
1171,14200,2026-04-05 18:47:59.383333,4003
1170,17560,2026-04-05 17:24:06.113333,4007
1169,5280,2026-04-05 16:27:12.010000,4001
1168,34200,2026-04-05 16:26:44.566666,4003
1167,4740,2026-04-04 15:12:54.040000,4003
1166,14400,2026-04-04 10:03:58.893333,4003
1165,6160,2026-04-04 10:02:04.223333,4003
1164,6000,2026-04-04 09:23:37.380000,4003
1163,4300,2026-04-04 09:18:39.136666,4001
1162,3480,2026-04-04 09:18:16.480000,4001
1161,3240,2026-04-04 09:14:40.683333,4003
1160,6240,2026-04-04 09:10:20.063333,4001
1159,3860,2026-04-04 08:59:36.880000,4003
1158,9660,2026-04-04 08:59:11.663333,4005
1157,49060,2026-04-04 08:52:49.833333,4011
1156,3760,2026-04-03 22:20:26.910000,4003
1155,17800,2026-04-03 22:18:49.753333,4001
1154,19600,2026-04-03 22:08:09.670000,4009
1153,6840,2026-04-03 18:20:03.940000,4005
1152,40180,2026-04-03 18:15:54.170000,4005
1151,3260,2026-04-03 16:05:05.353333,4005
1150,3380,2026-04-03 16:04:51.616666,4005
1149,12340,2026-04-03 14:54:44.260000,4009
1148,4060,2026-04-03 12:33:10.400000,4003
1147,3400,2026-04-03 10:24:58.146666,4005
1146,3360,2026-04-03 10:24:43.900000,4005
1145,4720,2026-04-03 09:17:35.643333,4009
1144,5440,2026-04-03 08:59:26.523333,4005
1143,9720,2026-04-03 05:11:29.273333,4007
1142,18720,2026-04-03 05:03:06.520000,4005
1141,3160,2026-04-02 15:51:01.483333,4009
1140,8840,2026-04-02 15:40:05.510000,4011
1139,13360,2026-04-02 06:10:04.913333,4007
1138,4500,2026-04-02 05:11:00.190000,4011
1137,5220,2026-04-02 05:10:13.133333,4005
1136,8180,2026-04-02 05:07:41.446666,4009
1135,23040,2026-04-01 21:10:50.320000,4009
1134,5680,2026-04-01 21:09:54.076666,4011
1133,21280,2026-04-01 21:02:22.336666,4011
1132,6480,2026-04-01 19:16:43.466666,4011
1131,3140,2026-04-01 19:16:25.370000,4011
1130,3100,2026-04-01 19:13:43.940000,4011
1129,2980,2026-04-01 18:41:23.880000,4011
1128,29080,2026-04-01 18:38:45.093333,4011
1127,3700,2026-04-01 17:49:40.926666,4013
1126,5100,2026-04-01 17:49:03.013333,4009
1125,8820,2026-04-01 17:43:35.003333,4009
1124,5580,2026-04-01 13:31:17.230000,4011
1123,8640,2026-04-01 06:11:23.206666,4009
1122,11660,2026-04-01 05:06:20.970000,4011
1121,8100,2026-03-31 20:11:22.673333,4009
1120,3740,2026-03-31 20:00:06.413333,4011
1119,31580,2026-03-31 19:59:16.503333,4009
1118,3480,2026-03-31 19:22:45.543333,4011
1117,4180,2026-03-31 19:21:09.950000,4009
1116,44360,2026-03-31 19:21:02.866666,4015
1115,76140,2026-03-31 19:09:36.240000,4013
1114,8720,2026-03-31 17:20:21.776666,4011
1113,19460,2026-03-31 17:05:34.400000,4011
1112,12340,2026-03-31 17:04:12.300000,4011
1111,12240,2026-03-31 17:03:36.390000,4011
1110,7740,2026-03-31 09:51:18.550000,4015
1109,10680,2026-03-31 09:47:45.803333,4011
1108,16460,2026-03-31 07:28:49.753333,4011
1107,8900,2026-03-31 07:23:32.480000,4011
1106,10260,2026-03-31 07:23:16.623333,4011
1105,31780,2026-03-31 07:22:29.870000,4013
1104,30240,2026-03-31 07:21:42.853333,4013
1103,8760,2026-03-31 06:08:35.146666,4013
1102,12340,2026-03-30 20:59:57.970000,4011
1101,19260,2026-03-30 20:38:21.030000,4015
1100,4360,2026-03-30 20:22:16.896666,4011
1099,18160,2026-03-30 20:18:50.846666,4013
1098,4120,2026-03-30 19:54:40.386666,4013
1097,8380,2026-03-30 18:51:53.506666,4015
1096,3540,2026-03-30 18:50:10.453333,4015
1095,18300,2026-03-30 18:08:26.240000,4013
1094,12040,2026-03-30 17:35:02.446666,4011
1093,13400,2026-03-30 17:29:24.853333,4013
1092,36480,2026-03-30 08:41:43.993333,4015
1091,5440,2026-03-30 08:39:30.266666,4019
1090,3780,2026-03-30 08:37:35.090000,4015
1089,3300,2026-03-30 08:26:02.300000,4015
1088,3780,2026-03-30 08:25:55.993333,4017
1087,4840,2026-03-30 08:22:39.756666,4013
1086,21920,2026-03-30 08:13:09.703333,4013
1085,4700,2026-03-29 21:19:48.726666,4013
1084,4800,2026-03-29 17:05:46.506666,4013
1083,16780,2026-03-29 16:30:53.416666,4017
1082,6500,2026-03-29 16:28:49.536666,4017
1081,3700,2026-03-29 16:05:38.386666,4015
1080,5380,2026-03-29 16:04:08.260000,4017
1079,4360,2026-03-29 15:57:38.896666,4015
1078,3400,2026-03-29 13:47:16.946666,4015
1077,31800,2026-03-29 13:39:14.766666,4017
1076,7480,2026-03-29 12:10:13.336666,4021
1075,4200,2026-03-29 11:51:16.380000,4017
1074,5200,2026-03-29 11:50:03.966666,4015
1073,11560,2026-03-29 11:27:52.026666,4017
1072,4600,2026-03-29 11:21:36.923333,4017
1071,10340,2026-03-29 09:47:15.016666,4021
1070,35500,2026-03-29 09:44:09.463333,4019
1069,42060,2026-03-29 09:29:26.056666,4017
1068,35880,2026-03-29 09:28:15.936666,4017
1067,63160,2026-03-28 22:16:58.890000,4021
1066,29120,2026-03-28 22:10:31.833333,4007
1065,29520,2026-03-28 22:09:59.096666,4019
1064,3640,2026-03-28 22:08:50.360000,4019
1063,55400,2026-03-28 22:08:41.356666,4019
1062,24460,2026-03-28 22:07:42.736666,4021
1061,47560,2026-03-28 19:51:27.860000,4021
1060,3420,2026-03-28 18:34:48.706666,4021
1059,6700,2026-03-28 18:32:38.103333,4021
1058,3900,2026-03-28 18:31:59.243333,4019
1057,7180,2026-03-28 18:28:36.930000,4021
1056,5460,2026-03-28 15:12:33.650000,4019
1055,6280,2026-03-28 15:10:41.846666,4019
1054,8820,2026-03-28 15:08:34.393333,4021
1053,3020,2026-03-28 14:41:09.763333,4019
1052,12980,2026-03-28 14:37:34.050000,4021
1051,4880,2026-03-28 14:34:25.760000,4021
1050,2640,2026-03-28 14:32:15.463333,4019
1049,3680,2026-03-28 14:31:58.286666,4021
1048,4100,2026-03-28 14:31:22.920000,4021
1047,9380,2026-03-28 14:31:14.680000,4021
1046,23360,2026-03-28 14:14:55.063333,4023
1045,6300,2026-03-28 13:47:34.456666,4023
1044,17560,2026-03-28 12:51:17.100000,4021
1043,7220,2026-03-28 09:56:18.570000,4021
1042,6120,2026-03-28 09:54:28.816666,4023
1041,4060,2026-03-28 09:54:13.293333,4021
1040,10700,2026-03-28 08:45:33.826666,4021
1039,3700,2026-03-28 08:44:50.563333,4019
1038,3820,2026-03-28 08:40:32.176666,4021
1037,4320,2026-03-28 08:29:12.266666,4021
1036,30380,2026-03-28 08:28:42.920000,4021
1035,3660,2026-03-27 23:24:01.033333,4021
1034,6680,2026-03-27 23:23:53.313333,4021
1033,3740,2026-03-27 22:12:58.590000,4023
1032,2920,2026-03-27 22:01:11.300000,4019
1031,5240,2026-03-27 21:40:42.583333,4021
1030,3800,2026-03-27 21:40:34.076666,4023
1029,7340,2026-03-27 21:19:57.696666,4021
1028,7060,2026-03-27 18:47:27.493333,4023
1027,7100,2026-03-27 18:43:10.220000,4021
1026,2940,2026-03-27 09:40:44.773333,4021
1025,4640,2026-03-27 09:37:48.736666,4021
1024,5360,2026-03-27 08:18:51.010000,4023
1023,4260,2026-03-27 08:17:55.050000,4023
1022,3780,2026-03-27 08:14:59.013333,4023
1021,5620,2026-03-27 08:14:16.426666,4021
1020,27280,2026-03-27 08:09:42.916666,4023
1019,8940,2026-03-27 07:11:58.503333,4027
1018,5360,2026-03-26 19:18:28.013333,4021
1017,3580,2026-03-26 18:44:14.293333,4023
1016,5720,2026-03-26 17:40:18.013333,4025
1015,18760,2026-03-26 17:36:21.356666,4023
1014,5000,2026-03-26 16:30:16.236666,4025
1013,3160,2026-03-26 13:17:49.016666,4021
1012,6640,2026-03-26 12:54:53.143333,4025
1011,17380,2026-03-26 07:08:27.240000,4025
1010,3820,2026-03-25 22:11:41.396666,4025
1009,17020,2026-03-25 22:11:21.546666,4023
1008,4160,2026-03-25 22:10:58.230000,4023
1007,4420,2026-03-25 22:10:32.086666,4023
1006,4280,2026-03-25 21:59:31.033333,4023
1005,14560,2026-03-25 21:58:49.220000,4023
1004,30980,2026-03-25 21:56:18.746666,4031
1003,12880,2026-03-25 21:55:06.583333,4027
1002,5100,2026-03-25 13:12:20.726666,4029
1001,21420,2026-03-25 13:03:29.070000,4023
1000,25600,2026-03-25 12:36:53.910000,4025
999,41940,2026-03-25 12:34:50.266666,4029
998,8260,2026-03-25 07:12:40.026666,4029
997,6380,2026-03-25 06:12:01.006666,4025
996,28840,2026-03-25 06:06:12.496666,4027
995,6700,2026-03-24 22:05:13.210000,4025
994,5200,2026-03-24 21:25:25.520000,4025
993,10120,2026-03-24 21:21:33.686666,4027
992,2660,2026-03-24 19:26:20.940000,4029
991,5260,2026-03-24 19:24:47.486666,4031
990,6440,2026-03-24 19:13:05.383333,4025
989,12460,2026-03-24 18:55:43.663333,3991
988,9860,2026-03-24 18:55:31.063333,4031
987,26600,2026-03-24 18:52:48.893333,4027
986,53720,2026-03-24 18:31:14.196666,4027
985,51380,2026-03-24 18:29:41.630000,4029
984,3940,2026-03-24 17:22:13.206666,4027
983,3660,2026-03-24 17:21:31.780000,4031
982,23700,2026-03-24 17:10:02.540000,4029
981,25820,2026-03-24 16:55:13.573333,4029
980,5440,2026-03-24 11:16:59.290000,4031
979,2740,2026-03-24 08:53:16,4029
978,3520,2026-03-24 08:41:09.053333,4029
977,7680,2026-03-24 08:40:37.086666,4031
976,47300,2026-03-24 08:34:49.406666,4033
975,8940,2026-03-24 08:27:21.833333,4031
974,6920,2026-03-24 08:25:30.580000,4029
973,3760,2026-03-24 08:15:40.596666,4033
972,36020,2026-03-23 18:46:49.236666,4031
971,12120,2026-03-23 11:20:22.133333,4033
970,4420,2026-03-23 09:23:24.356666,4033
969,4200,2026-03-23 09:23:13.513333,4031
968,8160,2026-03-23 08:28:10.843333,4029
967,52480,2026-03-23 08:05:55.060000,4033
966,5700,2026-03-23 07:11:31.916666,4029
965,7540,2026-03-22 21:46:50.910000,4035
964,6060,2026-03-22 21:39:47.890000,4031
963,5940,2026-03-22 21:35:00.856666,4029
962,24120,2026-03-22 21:21:57.953333,4031
961,31220,2026-03-22 19:46:24.950000,4031
960,7180,2026-03-22 19:28:21.820000,4033
959,20220,2026-03-22 18:25:51.340000,4031
958,2980,2026-03-22 18:02:09.436666,4033
957,12260,2026-03-22 17:59:44.270000,4035
956,3760,2026-03-22 15:04:40.570000,4031
955,4080,2026-03-22 15:03:59.966666,4035
954,12480,2026-03-22 12:05:06.580000,4035
953,10620,2026-03-22 11:57:01.166666,4037
952,6460,2026-03-22 11:56:31.496666,4037
951,3980,2026-03-22 11:55:57.663333,4031
950,7220,2026-03-21 20:59:50.466666,4035
949,4400,2026-03-21 17:58:23.803333,4033
948,4260,2026-03-20 16:58:49.450000,4031
947,8080,2026-03-20 16:56:47.603333,4035
946,7880,2026-03-20 07:13:55.660000,4037
945,3440,2026-03-20 06:08:23.516666,4031
944,3540,2026-03-20 06:03:01.830000,4035
943,12720,2026-03-20 06:00:34.323333,4037
942,124100,2026-03-19 21:20:29.296666,4009
941,3640,2026-03-19 21:18:26.480000,4041
940,36080,2026-03-19 21:17:27.630000,4039
939,11520,2026-03-19 21:15:37.873333,4037
938,26560,2026-03-19 20:48:15.520000,4039
937,3720,2026-03-19 19:35:31.293333,4037
936,4100,2026-03-19 19:34:53.903333,4037
935,5640,2026-03-19 19:19:38.703333,4031
934,22580,2026-03-19 19:19:35.020000,4041
933,25360,2026-03-19 18:33:29.123333,4041
932,4100,2026-03-19 18:18:37.890000,4035
931,28300,2026-03-19 18:16:29.626666,4037
930,8120,2026-03-19 17:51:09.880000,4041
929,3580,2026-03-19 17:43:47.910000,4039
928,3300,2026-03-19 17:32:27.250000,4039
927,4940,2026-03-19 17:23:42.133333,4039
926,11680,2026-03-19 17:05:51.443333,4041
925,10980,2026-03-19 17:01:33.596666,4039
924,3500,2026-03-19 16:38:09.773333,4039
923,11420,2026-03-19 16:29:26.480000,4039
922,16300,2026-03-19 16:23:18.286666,4041
921,14640,2026-03-19 16:10:45.516666,4039
920,38040,2026-03-19 16:06:15.706666,4041
919,17880,2026-03-19 16:05:22.316666,4041
918,23160,2026-03-19 15:51:51.983333,4039
917,7240,2026-03-19 15:51:13.990000,4039
916,2660,2026-03-19 14:47:19.630000,4041
915,2680,2026-03-19 14:46:28.736666,4041
914,3160,2026-03-19 14:45:58.656666,4041
913,6660,2026-03-19 14:34:27.863333,4041
912,2980,2026-03-19 14:34:21.696666,4043
911,12440,2026-03-19 05:51:17.103333,4043
910,4140,2026-03-18 21:20:45.283333,4045
909,3560,2026-03-18 20:49:17.140000,4039
908,4060,2026-03-18 20:29:22.576666,4041
907,6100,2026-03-18 20:16:13.676666,4041
906,11900,2026-03-18 20:14:45.190000,4043
905,9380,2026-03-18 19:23:26.250000,4041
904,2660,2026-03-18 18:20:08.376666,4041
903,5040,2026-03-18 18:19:25.603333,4041
902,14800,2026-03-18 18:05:17.350000,4041
901,15680,2026-03-18 17:58:10.880000,4043
900,6820,2026-03-18 17:57:14.370000,4041
899,8680,2026-03-18 17:56:13.773333,4041
898,15660,2026-03-18 14:18:55.350000,4041
897,5160,2026-03-18 12:06:02.530000,4041
896,11520,2026-03-18 11:51:13.116666,4043
895,11400,2026-03-18 11:38:42.950000,4043
894,3860,2026-03-18 11:35:50.403333,4043
893,10040,2026-03-18 11:35:25.586666,4045
892,6940,2026-03-18 11:21:30.190000,4041
891,16660,2026-03-18 07:55:07.233333,4041
890,7420,2026-03-18 07:05:11.190000,4043
889,8040,2026-03-18 06:04:30.956666,4039
888,7620,2026-03-18 05:56:10.526666,4045
887,6100,2026-03-17 21:49:15.196666,4043
886,6820,2026-03-17 21:48:30.710000,4041
885,2880,2026-03-17 20:56:39.613333,4041
884,3080,2026-03-17 20:56:24.526666,4041
883,7220,2026-03-17 20:55:54.023333,4045
882,6540,2026-03-17 20:45:34.630000,4041
881,17340,2026-03-17 20:42:50.556666,4043
880,15180,2026-03-17 18:57:05.870000,4041
879,16820,2026-03-17 17:12:19.390000,4041
878,7160,2026-03-17 16:16:55.036666,4043
877,4360,2026-03-17 11:20:25.726666,4045
876,10000,2026-03-17 08:34:18.860000,4045
875,72560,2026-03-17 08:30:45.593333,4041
874,10660,2026-03-17 07:14:41.176666,4043
873,5960,2026-03-16 22:07:17.900000,4043
872,14420,2026-03-16 22:05:41.316666,4043
871,19520,2026-03-16 22:03:25.880000,4045
870,3880,2026-03-16 21:58:14.433333,4043
869,9300,2026-03-16 21:17:18.360000,4045
868,4000,2026-03-16 21:15:18.260000,4047
867,9100,2026-03-16 18:45:58.430000,4043
866,8220,2026-03-16 09:01:23.920000,4045
865,90180,2026-03-16 08:57:46.220000,4045
864,4480,2026-03-15 21:56:11.730000,4045
863,4840,2026-03-15 21:54:59.200000,4043
862,22940,2026-03-15 21:51:11.706666,4045
861,4920,2026-03-15 20:55:17.283333,4043
860,4380,2026-03-15 20:34:33.933333,4045
859,16880,2026-03-15 20:19:00.186666,4055
858,3360,2026-03-15 20:02:39.350000,4045
857,10700,2026-03-15 20:02:00.970000,4045
856,8260,2026-03-15 19:57:01.220000,4043
855,2740,2026-03-15 19:46:59.833333,4045
854,30480,2026-03-15 19:46:41.343333,4047
853,42480,2026-03-15 19:45:06.223333,4045
852,3840,2026-03-15 17:36:34.856666,4045
851,11460,2026-03-15 17:28:04.656666,4045
850,28040,2026-03-15 17:27:31.820000,4047
849,13140,2026-03-15 16:01:15.046666,4045
848,2920,2026-03-15 15:10:20.443333,4045
847,6520,2026-03-15 14:54:24.800000,4045
846,26020,2026-03-15 14:07:58.186666,4047
845,12980,2026-03-15 11:52:58.250000,4047
844,5400,2026-03-15 11:47:51.970000,4045
843,16520,2026-03-15 11:45:24.720000,4047
842,8140,2026-03-15 11:40:32.566666,4047
841,9160,2026-03-15 11:35:24.263333,4047
840,18540,2026-03-15 10:37:47.996666,4047
839,3440,2026-03-15 09:57:13.903333,4047
838,4500,2026-03-15 09:56:32.266666,4047
837,4780,2026-03-15 09:56:16.546666,4047
836,4300,2026-03-15 09:39:51.676666,4045
835,16840,2026-03-15 09:28:34.086666,4047
834,16220,2026-03-15 09:13:51.226666,4045
833,3660,2026-03-14 22:14:56.473333,4047
832,3540,2026-03-14 22:14:45.446666,4047
831,3180,2026-03-14 21:18:33.436666,4047
830,4760,2026-03-14 21:18:22.623333,4047
829,5660,2026-03-14 21:10:24.876666,4047
828,14580,2026-03-14 21:08:01.780000,4047
827,6980,2026-03-14 21:01:24.360000,4047
826,8260,2026-03-14 21:00:41.216666,4047
825,8000,2026-03-14 20:52:42.350000,4047
824,10780,2026-03-14 20:47:52.283333,4047
823,53340,2026-03-14 20:47:41.656666,4047
822,56160,2026-03-14 20:46:40.856666,4047
821,7120,2026-03-14 19:06:41.790000,4047
820,10160,2026-03-14 19:06:13.176666,4047
819,3180,2026-03-14 16:56:46.180000,4047
818,3640,2026-03-14 16:56:26.606666,4049
817,2820,2026-03-14 16:13:37.800000,4047
816,3400,2026-03-14 16:13:19.130000,4049
815,9560,2026-03-14 09:21:57.536666,4047
814,3360,2026-03-14 09:20:26.673333,4049
813,10600,2026-03-14 09:19:56.126666,4047
812,4100,2026-03-14 09:19:36.263333,4049
811,3220,2026-03-14 09:09:36.080000,4049
810,5280,2026-03-14 09:09:21.840000,4049
809,7420,2026-03-14 09:03:01.110000,4047
808,5700,2026-03-14 08:55:20.603333,4047
807,22680,2026-03-14 08:47:27.913333,4049
806,15000,2026-03-14 08:40:09.490000,4049
805,95020,2026-03-14 08:38:31.996666,4047
804,23440,2026-03-14 08:35:20.750000,4049
803,3540,2026-03-13 22:37:09.690000,4047
802,3640,2026-03-13 22:36:56.356666,4047
801,3240,2026-03-13 22:16:31.730000,4049
800,5220,2026-03-13 21:44:25.096666,4049
799,8720,2026-03-13 20:35:36.143333,4047
798,6540,2026-03-13 20:23:20.123333,4047
797,8980,2026-03-13 20:19:36.246666,4051
796,13860,2026-03-13 20:17:27.413333,4049
795,4020,2026-03-13 11:14:49.760000,4047
794,26940,2026-03-13 08:08:41.730000,4051
793,3720,2026-03-13 08:06:32.120000,4049
792,6860,2026-03-13 07:19:19.820000,4051
791,3680,2026-03-12 22:40:20.353333,4049
790,5860,2026-03-12 21:33:24.826666,4051
789,4660,2026-03-12 16:11:42.300000,4047
788,15780,2026-03-12 13:18:21.036666,4051
787,7560,2026-03-12 12:46:17.366666,4049
786,23700,2026-03-12 12:45:31.396666,4051
785,9940,2026-03-12 07:16:37.683333,4051
784,3380,2026-03-12 06:25:42.936666,4047
783,17160,2026-03-12 06:07:00.883333,4049
782,4760,2026-03-11 21:33:06.796666,4047
781,11960,2026-03-11 19:49:00.503333,4051
780,5880,2026-03-11 17:19:30.940000,4051
779,49500,2026-03-11 17:17:40.280000,4051
778,26400,2026-03-11 17:13:58.536666,4049
777,3840,2026-03-11 16:34:17.206666,4049
776,10260,2026-03-11 16:12:10.260000,4049
775,15460,2026-03-11 16:12:01.413333,4049
774,7840,2026-03-11 16:11:06.333333,4047
773,9580,2026-03-11 15:31:31.280000,4051
772,3880,2026-03-11 15:21:11.743333,4049
771,4700,2026-03-11 15:19:38.293333,4049
770,11860,2026-03-11 13:15:54.480000,4051
769,13660,2026-03-11 13:11:34.330000,4051
768,5460,2026-03-11 07:13:49.053333,4049
767,3060,2026-03-11 06:18:24.210000,4049
766,22980,2026-03-11 06:06:10.636666,4051
765,14500,2026-03-10 20:42:57.830000,4049
764,4420,2026-03-10 19:23:48.523333,4051
763,4440,2026-03-10 11:09:15.736666,4051
762,4980,2026-03-10 09:09:42.700000,4051
761,4160,2026-03-10 09:09:06.766666,4049
760,3100,2026-03-10 08:48:10.430000,4049
759,30520,2026-03-10 08:35:57.576666,4055
758,6120,2026-03-10 07:10:55.910000,4049
757,7000,2026-03-09 22:09:27.866666,4051
756,13400,2026-03-09 22:08:41.223333,4051
755,13240,2026-03-09 11:21:53.900000,4053
754,2940,2026-03-09 08:25:30.130000,4051
753,24100,2026-03-09 08:19:58.876666,4053
752,3700,2026-03-09 08:17:56.226666,4051
751,12140,2026-03-09 07:11:17.436666,4043
750,21040,2026-03-08 21:59:01.603333,4051
749,7920,2026-03-08 20:54:12.170000,4053
748,3960,2026-03-08 17:34:24.790000,4055
747,5840,2026-03-08 17:32:43.820000,4051
746,6500,2026-03-08 17:23:03.690000,4057
745,4340,2026-03-08 17:22:23.883333,4053
744,7280,2026-03-08 17:20:37.556666,4053
743,9140,2026-03-08 17:19:25.770000,4051
742,3260,2026-03-08 13:04:03.870000,4051
741,2580,2026-03-08 13:03:56.390000,4053
740,10940,2026-03-08 12:55:42.066666,4053
739,2980,2026-03-08 10:43:12.160000,4055
738,3320,2026-03-08 10:41:46.796666,4051
737,3280,2026-03-08 09:33:15.943333,4053
736,3660,2026-03-08 09:32:44.856666,4057
735,3460,2026-03-08 09:04:04.050000,4059
734,3280,2026-03-08 09:03:51.746666,4059
733,6320,2026-03-08 09:02:23.600000,4057
732,5320,2026-03-08 09:00:58.823333,4057
731,5420,2026-03-08 08:57:58.696666,4055
730,2400,2026-03-08 08:57:14.010000,4051
729,15880,2026-03-08 08:56:20.650000,4043
728,8080,2026-03-08 08:56:04.120000,4051
727,11720,2026-03-08 08:52:30.350000,4059
726,23320,2026-03-08 08:46:10.623333,4055
725,7120,2026-03-07 21:54:02.100000,4051
724,13000,2026-03-07 20:38:16.583333,4055
723,7000,2026-03-07 20:35:11.190000,4057
722,18160,2026-03-07 20:05:17.843333,4057
721,3000,2026-03-07 20:04:46.966666,4057
720,2620,2026-03-07 20:04:42.070000,4051
719,3520,2026-03-07 19:59:25.133333,4051
718,3480,2026-03-07 19:59:07.616666,4057
717,37140,2026-03-07 19:58:42.940000,4053
716,7000,2026-03-07 19:19:59.690000,4051
715,20040,2026-03-07 19:17:03.500000,4051
714,8840,2026-03-07 17:15:38.013333,4053
713,17120,2026-03-07 17:13:02.890000,4057
712,11700,2026-03-07 14:14:46.020000,4053
711,3860,2026-03-07 13:18:33.076666,4053
710,5740,2026-03-07 13:10:55.460000,4057
709,2760,2026-03-07 13:01:23.923333,4053
708,3000,2026-03-07 11:01:28.256666,4057
707,3440,2026-03-07 11:01:14.716666,4053
706,3460,2026-03-07 09:30:01.220000,4055
705,3400,2026-03-07 09:27:22.700000,4055
704,4240,2026-03-07 09:08:51.983333,4057
703,2980,2026-03-07 09:00:26.503333,4053
702,28360,2026-03-07 08:59:24.313333,4057
701,8020,2026-03-07 06:49:51.230000,4057
700,12020,2026-03-07 06:47:23.836666,4053
699,3160,2026-03-06 17:24:05.943333,4057
698,3560,2026-03-06 17:23:23.110000,4055
697,8180,2026-03-06 17:03:44.593333,4059
696,12540,2026-03-06 17:01:43.380000,4055
695,2760,2026-03-06 16:57:48.730000,4057
694,63800,2026-03-06 13:49:32.150000,4059
693,3980,2026-03-06 13:19:01.710000,4059
692,14940,2026-03-06 07:20:41.940000,4057
691,8080,2026-03-06 07:17:52.960000,4059
690,7340,2026-03-06 06:26:12.070000,4057
689,5900,2026-03-06 06:21:58.146666,4057
688,3460,2026-03-06 06:11:12.950000,4060
687,30460,2026-03-06 06:09:45.246666,4060
686,19940,2026-03-05 22:01:17.666666,4057
685,4340,2026-03-05 21:05:14.760000,4060
684,4480,2026-03-05 21:04:59.226666,4059
683,2580,2026-03-05 21:04:20.040000,4059
682,3680,2026-03-05 21:02:26.446666,4059
681,8120,2026-03-05 20:54:42.490000,4060
680,4020,2026-03-05 20:38:09.360000,4059
679,6180,2026-03-05 20:37:51.540000,4057
678,5480,2026-03-05 20:31:50.376666,4060
677,9840,2026-03-05 20:22:41.793333,4060
676,9940,2026-03-05 19:58:06.033333,4059
675,2480,2026-03-05 19:47:39.166666,4057
674,5960,2026-03-05 19:46:55.853333,4057
673,5340,2026-03-05 19:44:39.233333,4060
672,24780,2026-03-05 19:43:59.863333,4059
671,4740,2026-03-05 19:06:28.180000,4060
670,8580,2026-03-05 18:54:55.950000,4060
669,39200,2026-03-05 18:44:33.253333,4057
668,3380,2026-03-05 17:23:48.716666,4057
667,4900,2026-03-05 13:13:42.403333,4059
666,13140,2026-03-05 13:12:59.130000,4060
665,4600,2026-03-05 12:25:55.890000,4060
664,5920,2026-03-05 07:12:40.190000,4060
663,30620,2026-03-05 06:06:34.073333,4057
662,4720,2026-03-04 22:28:27.316666,4060
661,12960,2026-03-04 22:27:01.826666,4060
660,31360,2026-03-04 22:23:03.400000,4059
659,6060,2026-03-04 22:11:50.020000,4060
658,4480,2026-03-04 21:55:11.126666,4059
657,15620,2026-03-04 21:54:55.936666,4060
656,4240,2026-03-04 19:19:20.910000,4060
655,4020,2026-03-04 19:16:01.326666,4060
654,9640,2026-03-04 19:15:24.380000,4059
653,3960,2026-03-04 18:08:56.416666,4060
652,70100,2026-03-04 18:08:41.410000,4060
651,95020,2026-03-04 18:05:02.303333,4060
650,20500,2026-03-04 17:57:01.673333,4059
649,3360,2026-03-04 17:45:49.390000,4059
648,7060,2026-03-04 17:42:34.746666,4064
647,54700,2026-03-04 17:33:40.146666,4060
646,9760,2026-03-04 11:35:48.096666,4060
645,16160,2026-03-04 09:42:46.860000,4062
644,2580,2026-03-04 07:21:54.133333,4059
643,3260,2026-03-04 07:21:40.503333,4059
642,9140,2026-03-04 07:11:58.543333,4062
641,17560,2026-03-04 07:05:36.620000,4060
640,29540,2026-03-03 22:07:31.726666,4062
639,5900,2026-03-03 21:38:18.893333,4062
638,3420,2026-03-03 21:15:43.950000,4059
637,23860,2026-03-03 21:12:36.463333,4064
636,9080,2026-03-03 20:38:45.730000,4066
635,3980,2026-03-03 19:11:22.773333,4062
634,12980,2026-03-03 19:10:28.380000,4060
633,5760,2026-03-03 19:00:54.626666,4062
632,12040,2026-03-03 18:57:26.826666,4060
631,48880,2026-03-03 18:57:07.286666,4066
630,3300,2026-03-03 18:47:26.043333,4060
629,3380,2026-03-03 18:04:58.480000,4060
628,4000,2026-03-03 18:04:03.830000,4060
627,2520,2026-03-03 11:13:53.803333,4062
626,3020,2026-03-03 09:23:59.790000,4059
625,80120,2026-03-03 09:08:47.190000,4060
624,16280,2026-03-03 08:46:16.233333,4060
623,2840,2026-03-03 08:44:07.840000,4062
622,7300,2026-03-03 08:13:12.663333,4060
621,5300,2026-03-03 07:25:54.550000,4060
620,40500,2026-03-03 07:24:18.180000,4068
619,10160,2026-03-03 07:17:58.690000,4062
618,9020,2026-03-02 22:05:07.580000,4066
617,17880,2026-03-02 20:36:29.070000,4064
616,4920,2026-03-02 20:28:08.263333,4064
615,28640,2026-03-02 20:24:35.780000,4064
614,25200,2026-03-02 19:26:33.266666,4062
613,15220,2026-03-02 19:25:17.693333,4064
612,7220,2026-03-02 17:09:47.123333,4064
611,8220,2026-03-02 17:06:49.903333,4066
610,4060,2026-03-02 16:51:40.563333,4062
609,4560,2026-03-02 16:49:38.050000,4062
608,6780,2026-03-02 10:55:50.220000,4064
607,4900,2026-03-02 09:45:11.696666,4064
606,43740,2026-03-02 09:44:46.130000,4064
605,6660,2026-03-02 08:21:11.283333,4060
604,10620,2026-03-02 08:05:27.240000,4060
603,15700,2026-03-02 08:01:29.350000,4062
602,7640,2026-03-02 07:21:24.350000,4064
601,13260,2026-03-01 21:34:08.660000,4066
600,6120,2026-03-01 21:03:01.723333,4070
599,10020,2026-03-01 20:55:56.953333,4066
598,3000,2026-03-01 20:15:35.773333,4062
597,5700,2026-03-01 19:55:17.383333,4062
596,26940,2026-03-01 19:03:38,4068
595,2860,2026-03-01 12:32:38.713333,4062
594,3020,2026-03-01 12:24:17.613333,4066
593,2900,2026-03-01 12:22:36.503333,4066
592,6520,2026-03-01 12:22:23.780000,4062
591,11640,2026-03-01 12:10:05.700000,4064
590,4680,2026-03-01 12:08:53.863333,4070
589,5680,2026-03-01 09:00:05.526666,4062
588,7880,2026-03-01 08:39:02.623333,4062
587,5660,2026-03-01 08:37:44.193333,4064
586,11660,2026-03-01 08:23:39.630000,4068
585,10220,2026-03-01 00:59:40.890000,4068
584,4740,2026-02-28 20:03:44.560000,4064
583,7000,2026-02-28 20:03:11.013333,4062
582,20040,2026-02-28 20:01:04.643333,4062
581,5340,2026-02-28 19:53:43.556666,4068
580,880,2026-02-28 19:53:02.806666,4064
579,5540,2026-02-28 19:52:17.446666,4062
578,17800,2026-02-28 19:50:43.566666,4066
577,64960,2026-02-28 19:46:03.080000,4064
576,6680,2026-02-28 17:50:52.693333,4062
575,2640,2026-02-28 15:08:45.336666,4068
574,2900,2026-02-28 15:08:33.940000,4064
573,5940,2026-02-28 13:02:33.940000,4066
572,2380,2026-02-28 10:13:40.333333,4066
571,9340,2026-02-28 10:13:29.143333,4066
570,50520,2026-02-28 10:10:20.836666,4068
569,6320,2026-02-28 09:37:36.033333,4064
568,4320,2026-02-28 09:26:43.146666,4068
567,4100,2026-02-28 09:03:40.280000,4066
566,10400,2026-02-28 09:03:04.603333,4068
565,4740,2026-02-28 09:01:46.686666,4068
564,5000,2026-02-28 08:56:27.623333,4068
563,19340,2026-02-28 08:40:57.540000,4068
562,25400,2026-02-28 08:39:53.806666,4068
561,5400,2026-02-27 20:44:57.740000,4066
560,3000,2026-02-27 17:23:44.200000,4068
559,4100,2026-02-27 17:23:01.410000,4068
558,4560,2026-02-27 16:52:49.860000,4068
557,13300,2026-02-27 08:29:43.340000,4066
556,6300,2026-02-27 08:18:13.193333,4066
555,38780,2026-02-27 08:16:32.300000,4068
554,9860,2026-02-27 07:20:46.480000,4068
553,10660,2026-02-26 20:36:13.646666,4066
552,7100,2026-02-26 20:33:10.406666,4070
551,23620,2026-02-26 18:39:03.496666,4070
550,5100,2026-02-26 14:03:12.883333,4066
549,14040,2026-02-26 07:15:25.870000,4068
548,7540,2026-02-26 06:17:44.623333,4066
547,3560,2026-02-26 06:08:37.703333,4064
546,3980,2026-02-26 06:07:54.483333,4068
545,18200,2026-02-26 06:07:24.146666,4070
544,3720,2026-02-25 21:45:45.283333,4070
543,16800,2026-02-25 21:45:30.490000,4066
542,29340,2026-02-25 21:37:48.136666,4068
541,12240,2026-02-25 21:09:41.106666,4070
540,2240,2026-02-25 19:40:32.493333,4068
539,15980,2026-02-25 19:39:45.940000,4066
538,3300,2026-02-25 18:20:50.060000,4068
537,5840,2026-02-25 18:20:19.730000,4068
536,2540,2026-02-25 18:16:36.193333,4070
535,3800,2026-02-25 18:16:05.913333,4070
534,19120,2026-02-25 18:14:56.560000,4070
533,6420,2026-02-25 15:08:10.440000,4072
532,4620,2026-02-25 13:42:17.833333,4068
531,3660,2026-02-25 13:42:02.886666,4066
530,3300,2026-02-25 13:21:32.183333,4070
529,2680,2026-02-25 13:05:07.693333,4068
528,5860,2026-02-25 07:05:35.303333,4068
527,18180,2026-02-25 06:46:38.210000,4072
526,7600,2026-02-25 06:10:31.056666,4070
525,36020,2026-02-25 06:07:29.430000,4068
524,6880,2026-02-24 21:44:41.726666,4070
523,8260,2026-02-24 21:37:01.773333,4068
522,3760,2026-02-24 21:31:35.770000,4068
521,4340,2026-02-24 19:25:00.186666,4070
520,8960,2026-02-24 19:16:33.420000,4070
519,8520,2026-02-24 19:13:06.076666,4070
518,30520,2026-02-24 18:48:40.763333,4070
517,31200,2026-02-24 18:45:51.930000,4070
516,3980,2026-02-24 18:28:38.693333,4068
515,3860,2026-02-24 18:02:40.503333,4070
514,23500,2026-02-24 17:44:31.173333,4070
513,6480,2026-02-24 16:36:53.860000,4070
512,11700,2026-02-24 11:11:13.203333,4070
511,3480,2026-02-24 08:32:11.196666,4066
510,4280,2026-02-24 08:10:41.150000,4070
509,17020,2026-02-24 07:20:42.370000,4070
508,7840,2026-02-23 21:30:27,4070
507,7920,2026-02-23 21:21:10.436666,4068
506,53460,2026-02-23 20:13:06.176666,4070
505,2580,2026-02-23 19:58:33.366666,4070
504,20660,2026-02-23 19:54:54.623333,4068
503,5240,2026-02-23 19:52:17.820000,4070
502,4960,2026-02-23 19:45:33.523333,4068
501,11380,2026-02-23 19:42:34.690000,4068
500,5020,2026-02-23 19:35:21.103333,4070
499,3580,2026-02-23 19:34:02.420000,4068
498,7560,2026-02-23 19:31:07.543333,4066
497,2840,2026-02-23 18:41:03.406666,4070
496,3220,2026-02-23 18:40:28.393333,4070
495,3240,2026-02-23 18:20:02.793333,4070
494,4060,2026-02-23 18:14:28.786666,4068
493,5480,2026-02-23 18:14:08.936666,4070
492,22860,2026-02-23 11:11:58.080000,4070
491,7720,2026-02-23 10:18:27.843333,4068
490,5860,2026-02-23 08:18:57.906666,4070
489,34820,2026-02-23 08:18:26.540000,4070
488,4320,2026-02-22 21:58:21.793333,4068
487,3780,2026-02-22 11:33:30.963333,4068
486,4500,2026-02-22 11:31:57.460000,4070
485,3680,2026-02-22 10:57:52.576666,4070
484,3720,2026-02-22 10:57:30.406666,4070
483,5920,2026-02-22 09:48:56.103333,4070
482,3340,2026-02-22 09:43:27.353333,4070
481,8300,2026-02-22 09:38:57.490000,4072
480,50960,2026-02-22 09:17:31.230000,4070
479,3320,2026-02-21 22:41:55.626666,4070
478,2900,2026-02-21 22:41:51.956666,4068
477,8200,2026-02-21 20:16:44.593333,4070
476,4060,2026-02-21 19:58:39.476666,4070
475,3780,2026-02-21 19:46:06.816666,4070
474,8600,2026-02-21 19:45:25.803333,4070
473,3640,2026-02-21 19:44:10.080000,4072
472,2920,2026-02-21 19:40:11.863333,4070
471,33480,2026-02-21 19:39:56.050000,4070
470,4460,2026-02-21 15:50:12.253333,4070
469,5240,2026-02-21 15:49:15.950000,4070
468,3000,2026-02-21 15:16:56.780000,4070
467,7920,2026-02-21 15:11:58.280000,4070
466,4380,2026-02-21 15:04:18.846666,4070
465,3020,2026-02-21 14:58:38.993333,4070
464,3680,2026-02-21 14:58:22.243333,4070
463,7680,2026-02-21 14:55:43.056666,4070
462,2720,2026-02-21 14:54:58.303333,4070
461,3180,2026-02-21 14:54:39.403333,4068
460,3680,2026-02-21 14:45:44.680000,4070
459,3300,2026-02-21 14:43:23.976666,4070
458,9560,2026-02-21 14:40:24.196666,4070
457,6360,2026-02-21 14:15:00.153333,4070
456,3080,2026-02-21 11:06:06.270000,4072
455,3560,2026-02-21 11:05:13.086666,4070
454,10680,2026-02-21 11:04:26.113333,4070
453,27620,2026-02-21 11:01:38.646666,4072
452,3480,2026-02-21 10:57:09.773333,4070
451,26460,2026-02-21 10:51:24.176666,4070
450,6060,2026-02-21 09:38:56.706666,4072
449,4080,2026-02-21 08:41:24.516666,4072
448,20720,2026-02-21 08:38:08.070000,4072
447,4000,2026-02-20 19:58:24.943333,4074
446,5340,2026-02-20 18:18:05.636666,4072
445,3220,2026-02-20 15:45:25.750000,4070
444,3120,2026-02-20 14:05:35.646666,4070
443,40020,2026-02-20 13:56:41.900000,4070
442,19660,2026-02-20 13:31:56.186666,4072
441,2560,2026-02-20 12:59:19.680000,4072
440,4080,2026-02-20 06:25:20.150000,4070
439,4560,2026-02-19 19:51:03.230000,4070
438,2980,2026-02-19 19:47:45.606666,4070
437,3200,2026-02-19 19:45:49.520000,4070
436,7080,2026-02-19 19:45:41.083333,4072
435,19220,2026-02-19 19:33:46.343333,4072
434,21360,2026-02-19 19:28:17.740000,4072
433,3640,2026-02-19 18:51:01.406666,4074
432,10800,2026-02-19 18:49:22.036666,4072
431,11940,2026-02-19 17:11:03.156666,4074
430,8060,2026-02-19 13:29:18.003333,4057
429,10580,2026-02-19 12:34:30.873333,4070
428,4080,2026-02-19 06:26:29.440000,4072
427,27240,2026-02-19 06:18:52.310000,4072
426,7940,2026-02-18 21:50:03.526666,4072
425,25000,2026-02-18 21:46:18.020000,4074
424,4780,2026-02-18 21:45:14.030000,4070
423,3760,2026-02-18 20:00:25.560000,4070
422,6300,2026-02-18 19:56:13.020000,4070
421,12680,2026-02-18 19:55:18.850000,4070
420,4520,2026-02-18 19:51:18.043333,4072
419,3500,2026-02-18 19:37:18.103333,4072
418,4780,2026-02-18 19:35:21.443333,4072
417,13860,2026-02-18 15:44:30.796666,4072
416,14440,2026-02-18 13:06:20.123333,4072
415,8020,2026-02-18 07:06:10.636666,4072
414,6620,2026-02-18 06:08:26.556666,4070
413,38200,2026-02-18 06:05:58.963333,4072
412,5920,2026-02-17 21:56:07.420000,4072
411,4060,2026-02-17 20:34:10.180000,4070
410,3300,2026-02-17 20:30:18.573333,4072
409,8900,2026-02-17 20:27:34.160000,4072
408,3700,2026-02-17 19:44:52.343333,4070
407,14380,2026-02-17 19:43:53.366666,4076
406,2380,2026-02-17 18:52:46.870000,4070
405,3640,2026-02-17 18:52:37.690000,4072
404,2900,2026-02-17 18:49:35.490000,4072
403,3880,2026-02-17 18:46:58.130000,4070
402,44560,2026-02-17 18:43:33.516666,4072
401,17140,2026-02-17 10:29:50.080000,4074
400,3600,2026-02-17 09:33:56.060000,4070
399,4000,2026-02-17 09:30:39.923333,4072
398,3660,2026-02-17 09:24:44.953333,4072
397,6600,2026-02-17 09:17:16.180000,4070
396,13580,2026-02-17 08:40:33.293333,4074
395,5460,2026-02-17 08:27:05.083333,4072
394,24620,2026-02-17 08:25:49.916666,4074
393,16100,2026-02-17 06:24:40.440000,4074
392,3440,2026-02-16 22:30:03.690000,4072
391,4260,2026-02-16 22:28:54.626666,4072
390,7060,2026-02-16 19:29:32.860000,4074
389,5340,2026-02-16 19:20:47.290000,4074
388,3200,2026-02-16 19:05:33.460000,4074
387,7200,2026-02-16 19:03:20.313333,4074
386,8000,2026-02-16 18:10:08.806666,4074
385,5900,2026-02-16 17:49:55.553333,4072
384,3440,2026-02-16 14:53:17.593333,4072
383,6220,2026-02-16 14:52:57.046666,4070
382,4040,2026-02-16 13:31:17.076666,4072
381,3360,2026-02-16 09:56:51.503333,4074
380,4780,2026-02-16 09:01:44.816666,4070
379,3060,2026-02-16 08:57:45.310000,4072
378,4000,2026-02-16 08:54:50.830000,4072
377,8800,2026-02-16 08:53:42.570000,4072
376,6260,2026-02-16 07:15:54.990000,4076
375,5600,2026-02-16 07:15:43.123333,4074
374,7400,2026-02-15 21:17:53.023333,4076
373,4200,2026-02-15 19:53:08.970000,4076
372,7200,2026-02-15 19:51:52.140000,4074
371,3080,2026-02-15 19:45:30.196666,4076
370,3080,2026-02-15 19:37:02.516666,4074
369,8680,2026-02-15 19:36:46.513333,4072
368,30600,2026-02-15 19:32:06.820000,4074
367,48520,2026-02-15 19:28:30.070000,4076
366,3980,2026-02-15 18:56:03.503333,4072
365,4480,2026-02-15 18:54:43.850000,4074
364,20680,2026-02-15 18:52:45.480000,4076
363,1600,2026-02-15 18:29:09.043333,4072
362,8700,2026-02-15 18:22:38.276666,4072
361,6440,2026-02-15 18:08:57.450000,4076
360,3260,2026-02-15 10:43:49.916666,4076
359,22440,2026-02-15 10:42:54.746666,4078
358,99200,2026-02-14 18:53:11.996666,4074
357,14640,2026-02-14 17:20:51.620000,4072
356,8280,2026-02-14 17:19:58.800000,4076
355,7120,2026-02-14 17:19:38.486666,4076
354,6100,2026-02-14 17:17:43.740000,4072
353,25800,2026-02-14 16:09:48.293333,4068
352,36000,2026-02-14 16:09:19.806666,4074
351,15020,2026-02-14 16:08:26.170000,4074
350,2800,2026-02-14 15:51:02.053333,4072
349,4340,2026-02-14 14:33:35.493333,4076
348,6720,2026-02-14 13:59:03.183333,4072
347,5000,2026-02-14 13:40:34.756666,4072
346,20640,2026-02-14 13:32:59.630000,4074
345,6440,2026-02-14 13:26:01.970000,4072
344,4260,2026-02-14 13:21:50.943333,4074
343,3220,2026-02-14 09:38:09.943333,4074
342,6300,2026-02-14 09:37:56.070000,4076
341,4880,2026-02-14 09:21:13.693333,4072
340,5020,2026-02-14 09:14:47.613333,4072
339,9340,2026-02-14 09:14:29.573333,4072
338,15780,2026-02-14 09:06:05.186666,4074
337,3220,2026-02-13 19:39:57.263333,4072
336,7420,2026-02-13 18:48:47.963333,4072
335,27980,2026-02-13 18:43:55.696666,4074
334,20200,2026-02-13 18:39:18.690000,4072
333,32820,2026-02-13 10:29:14.270000,4074
332,3280,2026-02-13 08:31:48.910000,4076
331,33060,2026-02-13 08:29:16.346666,4074
330,5580,2026-02-13 08:23:58.116666,4074
329,19600,2026-02-12 21:46:10.086666,4078
328,6340,2026-02-12 19:28:52.756666,4072
327,17280,2026-02-12 12:57:20.113333,4076
326,6700,2026-02-12 07:19:46.260000,4074
325,9300,2026-02-12 06:13:54.003333,4072
324,34040,2026-02-12 06:11:22.903333,4076
323,13300,2026-02-11 21:01:40.193333,4076
322,8280,2026-02-11 20:27:56.390000,4074
321,2820,2026-02-11 17:53:16.256666,4072
320,6680,2026-02-11 17:50:01.990000,4076
319,6480,2026-02-11 15:13:05.736666,4076
318,3120,2026-02-11 13:33:23.530000,4072
317,4920,2026-02-11 13:28:13.733333,4072
316,32640,2026-02-11 13:03:56.610000,4080
315,5820,2026-02-11 07:16:33.586666,4074
314,5280,2026-02-11 06:22:39.080000,4074
313,3700,2026-02-11 06:06:50.080000,4076
312,18900,2026-02-11 06:06:36.806666,4076
311,540,2026-02-11 01:58:01.946666,4072
310,4840,2026-02-10 22:37:30.356666,4074
309,4120,2026-02-10 21:36:46.446666,4076
308,4640,2026-02-10 21:33:04.866666,4074
307,21700,2026-02-10 18:44:39.700000,4076
306,17660,2026-02-10 18:43:57.760000,4078
305,3100,2026-02-10 18:41:13.233333,4078
304,6780,2026-02-10 18:40:40.960000,4076
303,45300,2026-02-10 18:36:38.340000,4074
302,5620,2026-02-10 18:17:37.620000,4074
301,4980,2026-02-10 18:17:27.360000,4078
300,3580,2026-02-10 18:09:56.363333,4072
299,3120,2026-02-10 18:05:30.166666,4074
298,3880,2026-02-10 17:57:29.760000,4078
297,20300,2026-02-10 17:41:13.563333,4078
296,15980,2026-02-10 08:14:48.166666,4080
295,29620,2026-02-10 08:10:15.210000,4076
294,6760,2026-02-10 07:18:44.196666,4074
293,7420,2026-02-09 22:17:30.970000,4078
292,5740,2026-02-09 19:54:18.080000,4074
291,3820,2026-02-09 19:50:15.956666,4074
290,6940,2026-02-09 19:48:34.653333,4076
289,3640,2026-02-09 19:47:48.963333,4074
288,5840,2026-02-09 19:39:23.616666,4080
287,44240,2026-02-09 19:28:39.030000,4076
286,2760,2026-02-09 19:06:10.010000,4078
285,10540,2026-02-09 19:06:02.663333,4076
284,3440,2026-02-09 18:51:56.260000,4074
283,3360,2026-02-09 18:48:13.710000,4078
282,49220,2026-02-09 18:45:40.660000,4076
281,6060,2026-02-09 18:44:28.760000,4074
280,5100,2026-02-09 18:40:37.250000,4076
279,3120,2026-02-09 18:40:16.793333,4076
278,20820,2026-02-09 18:09:26.730000,4078
277,2820,2026-02-09 17:50:59.890000,4074
276,10360,2026-02-09 17:13:01.790000,4074
275,8300,2026-02-09 17:10:43.156666,4076
274,6860,2026-02-09 11:20:18.570000,4076
273,9220,2026-02-09 10:00:47.456666,4078
272,5980,2026-02-09 08:39:34.753333,4076
271,62060,2026-02-09 08:32:00.343333,4076
270,52380,2026-02-08 21:36:42.500000,4080
269,13100,2026-02-08 20:23:16.610000,4076
268,5860,2026-02-08 20:22:02.096666,4078
267,4120,2026-02-08 20:21:51.953333,4078
266,6000,2026-02-08 20:08:14.060000,4078
265,2680,2026-02-08 20:06:06.263333,4078
264,16820,2026-02-08 20:03:42.443333,4078
263,22940,2026-02-08 19:59:41.733333,4076
262,12300,2026-02-08 19:52:02.716666,4078
261,9240,2026-02-08 15:04:49.650000,4078
260,30280,2026-02-08 14:35:29.960000,4080
259,6840,2026-02-08 14:13:44.776666,4080
258,11620,2026-02-08 14:04:59.673333,4078
257,2740,2026-02-08 10:37:28.116666,4076
256,17740,2026-02-08 10:35:54.550000,4080
255,2640,2026-02-08 10:16:13.953333,4076
254,13440,2026-02-08 10:12:07.820000,4078
253,5060,2026-02-08 09:49:46.366666,4086
252,8600,2026-02-07 23:51:34.510000,4078
251,4380,2026-02-07 20:47:55.356666,4074
250,14740,2026-02-07 20:46:31.203333,4080
249,14760,2026-02-07 20:33:18.370000,4080
248,18000,2026-02-07 20:32:46.480000,4076
247,4320,2026-02-07 20:32:04.113333,4076
246,4060,2026-02-07 20:31:43.060000,4072
245,4780,2026-02-07 20:19:46.276666,4080
244,10980,2026-02-07 20:18:40.470000,4076
243,7460,2026-02-07 20:18:13.950000,4080
242,7820,2026-02-07 20:16:49.080000,4072
241,7460,2026-02-07 20:16:40.560000,4080
240,123340,2026-02-07 20:16:16.036666,4080
239,4140,2026-02-07 20:13:37.040000,4078
238,8740,2026-02-07 20:11:24.016666,4076
237,5520,2026-02-07 17:45:23,4078
236,59540,2026-02-07 17:44:31.166666,4082
235,3980,2026-02-07 17:43:14.713333,4078
234,3340,2026-02-07 17:14:27.403333,4078
233,8360,2026-02-07 17:02:13.303333,4080
232,3200,2026-02-07 14:26:21.456666,4078
231,15160,2026-02-07 14:24:17.930000,4080
230,14980,2026-02-07 13:44:29.570000,4076
229,3420,2026-02-07 12:59:28.420000,4078
228,3800,2026-02-07 12:59:15.120000,4076
227,12040,2026-02-07 12:44:50.420000,4080
226,8620,2026-02-07 12:41:55.766666,4078
225,2360,2026-02-07 12:30:49.843333,4080
224,19660,2026-02-07 09:49:31.740000,4080
223,5340,2026-02-07 09:32:51.783333,4076
222,5260,2026-02-07 09:32:09.240000,4076
221,16960,2026-02-07 09:31:30.783333,4076
220,3400,2026-02-07 09:24:30.240000,4080
219,84840,2026-02-07 09:23:54.110000,4080
218,5380,2026-02-07 08:59:23.650000,4076
217,17480,2026-02-07 08:58:13.526666,4078
216,10120,2026-02-07 08:54:07.973333,4080
215,5620,2026-02-07 08:50:54.550000,4080
214,6040,2026-02-07 08:50:03.930000,4080
213,3040,2026-02-07 08:49:38.400000,4080
212,7860,2026-02-07 08:49:32.450000,4076
211,3500,2026-02-06 21:04:42.630000,4080
210,3740,2026-02-06 21:04:15.396666,4076
209,7100,2026-02-06 20:51:30.506666,4082
208,14500,2026-02-06 20:51:11.883333,4078
207,3660,2026-02-06 18:39:40.103333,4076
206,21320,2026-02-06 18:25:03.710000,4078
205,6160,2026-02-06 16:20:57.893333,4078
204,41300,2026-02-06 13:30:14.740000,4078
203,24380,2026-02-06 13:13:17.763333,4080
202,12380,2026-02-06 13:09:06.670000,4080
201,4460,2026-02-06 07:13:23.090000,4080
200,6340,2026-02-06 06:14:58.826666,4076
199,5060,2026-02-06 06:14:49.196666,4082
198,43600,2026-02-06 06:13:21.293333,4082
197,7640,2026-02-05 22:16:24.930000,4078
196,18300,2026-02-05 22:09:20.250000,4080
195,16840,2026-02-05 22:08:35.656666,4080
194,25560,2026-02-05 22:04:45.470000,4080
193,9480,2026-02-05 22:04:08.180000,4082
192,4660,2026-02-05 17:50:09.196666,4078
191,6040,2026-02-05 16:45:58.853333,4076
190,2640,2026-02-05 16:44:49.606666,4076
189,7900,2026-02-05 16:35:15.470000,4082
188,6640,2026-02-05 12:31:01.326666,4082
187,7320,2026-02-05 12:30:23.950000,4082
186,5120,2026-02-05 07:05:03.886666,4076
185,6180,2026-02-05 06:21:40.410000,4078
184,3840,2026-02-05 06:08:55.136666,4078
183,15000,2026-02-05 06:07:40.666666,4080
182,4060,2026-02-04 22:18:23.590000,4080
181,4940,2026-02-04 19:43:33.296666,4080
180,18480,2026-02-04 17:56:09.300000,4080
179,4460,2026-02-04 17:38:56.036666,4080
178,17200,2026-02-04 15:29:40.080000,4080
177,10540,2026-02-04 15:28:51.316666,4080
176,10240,2026-02-04 07:15:29.346666,4080
175,8660,2026-02-04 06:11:00.810000,4080
174,32020,2026-02-04 06:03:10.210000,4086
173,5820,2026-02-03 21:08:35.056666,4080
172,35140,2026-02-03 21:08:15.876666,4080
171,6560,2026-02-03 21:02:07.920000,4080
170,16960,2026-02-03 21:00:07.546666,4084
169,50380,2026-02-03 20:45:09.263333,4082
168,40020,2026-02-03 20:35:40.816666,4080
167,3640,2026-02-03 20:30:10.853333,4078
166,20560,2026-02-03 20:29:16.260000,4080
165,25260,2026-02-03 20:28:54.723333,4084
164,5740,2026-02-03 20:14:35.536666,4080
163,20380,2026-02-03 20:02:58.350000,4084
162,3260,2026-02-03 18:49:34.843333,4080
161,3120,2026-02-03 18:48:04.843333,4078
160,108500,2026-02-03 18:42:20.640000,4080
159,4600,2026-02-03 10:53:04.996666,4080
158,5760,2026-02-03 08:56:01.443333,4080
157,9120,2026-02-03 08:18:20.133333,4082
156,4860,2026-02-03 08:17:12.480000,4084
155,95560,2026-02-03 08:11:52.913333,4082
154,7180,2026-02-03 07:09:59.593333,4080
153,10560,2026-02-03 07:07:46.196666,4080
152,3700,2026-02-02 23:33:13.226666,4080
151,36780,2026-02-02 19:22:12.596666,4082
150,3200,2026-02-02 19:01:08.560000,4080
149,2940,2026-02-02 19:00:38.850000,4080
148,6380,2026-02-02 18:45:17.963333,4082
147,4660,2026-02-02 18:43:41.086666,4082
146,14320,2026-02-02 18:37:29.736666,4082
145,25520,2026-02-02 18:31:44.243333,4086
144,3480,2026-02-02 18:27:38.350000,4080
143,15320,2026-02-02 18:23:27.433333,4080
142,5180,2026-02-02 18:14:27.173333,4084
141,7500,2026-02-02 18:11:07.650000,4082
140,6760,2026-02-02 10:16:27.200000,4084
139,7860,2026-02-02 10:09:20.470000,4080
138,6740,2026-02-02 10:05:02.020000,4082
137,3900,2026-02-02 09:26:44.190000,4080
136,16940,2026-02-01 21:36:38.330000,4084
135,5580,2026-02-01 21:15:46.840000,4080
134,3540,2026-02-01 16:52:51.203333,4080
133,3000,2026-02-01 15:38:15.730000,4080
132,10920,2026-02-01 15:35:24.670000,4080
131,3260,2026-02-01 15:34:21.300000,4084
130,25240,2026-02-01 12:38:38.280000,4084
129,6960,2026-02-01 12:37:37.456666,4084
128,27420,2026-02-01 12:06:14.310000,4082
127,26900,2026-02-01 11:55:08.676666,4086
126,4200,2026-02-01 11:51:56.120000,4082
125,33440,2026-02-01 11:50:26.546666,4086
124,3280,2026-02-01 10:43:39.326666,4082
123,5200,2026-02-01 10:43:23.823333,4082
122,3880,2026-02-01 09:21:58.800000,4084
121,20320,2026-02-01 09:02:30,4086
120,23140,2026-02-01 08:56:13.856666,4080
119,9280,2026-02-01 06:23:35.230000,4088
118,5820,2026-01-31 21:15:47.426666,4080
117,4300,2026-01-31 21:13:54.946666,4082
116,26580,2026-01-31 21:11:55.723333,4080
115,3400,2026-01-31 20:41:34.836666,4082
114,4820,2026-01-31 20:41:04.480000,4080
113,5840,2026-01-31 20:32:32.973333,4084
112,11920,2026-01-31 20:32:14.283333,4082
111,32420,2026-01-31 20:29:38.126666,4086
110,8420,2026-01-31 18:16:57.193333,4080
109,31620,2026-01-31 17:20:57.156666,4088
108,16400,2026-01-31 16:02:34.460000,4082
107,3880,2026-01-31 15:53:24.323333,4082
106,59020,2026-01-31 15:52:59.460000,4088
105,4200,2026-01-31 14:39:38.606666,4084
104,3240,2026-01-31 14:37:23.416666,4086
103,10860,2026-01-31 14:36:39.003333,4082
102,3060,2026-01-31 14:36:06.993333,4084
101,2480,2026-01-31 14:23:52.193333,4084
100,3440,2026-01-31 14:23:28.796666,4080
99,5500,2026-01-31 14:18:57.893333,4082
98,10680,2026-01-31 13:59:27.590000,4082
97,5620,2026-01-31 13:54:48.330000,4082
96,2620,2026-01-31 13:53:47.340000,4082
95,4540,2026-01-31 13:53:41.460000,4086
94,6680,2026-01-31 13:46:29.793333,4082
93,4240,2026-01-31 12:37:40.806666,4084
92,7060,2026-01-31 12:37:19.743333,4080
91,18080,2026-01-31 12:35:45.336666,4080
90,8960,2026-01-31 12:01:06.633333,4080
89,5200,2026-01-31 11:59:45.130000,4080
88,2960,2026-01-31 10:43:41.090000,4084
87,3340,2026-01-31 10:43:13.593333,4084
86,5160,2026-01-31 10:35:09.063333,4080
85,4000,2026-01-31 08:40:22.753333,4082
84,9660,2026-01-31 06:17:25.663333,4080
83,3420,2026-01-30 21:42:43.750000,4080
82,14040,2026-01-30 19:54:10.130000,4082
81,10180,2026-01-30 18:56:04.030000,4082
80,5120,2026-01-30 18:47:52.240000,4080
79,5800,2026-01-30 13:54:05.950000,4088
78,24140,2026-01-30 08:54:57.763333,4090
77,10280,2026-01-30 08:47:57.450000,4090
76,24360,2026-01-30 08:47:21.233333,4084
75,4360,2026-01-30 08:46:04.043333,4088
74,3980,2026-01-30 08:45:23.723333,4086
73,9120,2026-01-30 08:45:09.503333,4082
72,6600,2026-01-30 08:22:59.836666,4086
71,5580,2026-01-29 18:23:57.740000,4082
70,6800,2026-01-29 16:59:49.236666,4084
69,10420,2026-01-29 16:43:07.213333,4084
68,6700,2026-01-29 15:47:00.670000,4084
67,4000,2026-01-29 14:34:08.153333,4088
66,12400,2026-01-29 14:33:43.920000,4086
65,12020,2026-01-29 12:59:19.416666,4084
64,8600,2026-01-29 12:58:31.183333,4086
63,7360,2026-01-29 12:49:12.893333,4088
62,3020,2026-01-29 09:04:49.126666,4090
61,3940,2026-01-29 09:04:30.263333,4086
60,5400,2026-01-29 08:35:39.410000,4086
59,7900,2026-01-29 08:22:02.346666,4086
58,7400,2026-01-29 08:20:53.176666,4088
57,17840,2026-01-29 06:19:44.813333,4082
56,13820,2026-01-29 06:19:25.610000,4082
55,3840,2026-01-29 06:09:30.423333,4084
54,37080,2026-01-29 06:08:59.130000,4086
53,3260,2026-01-28 21:20:13,4084
52,3600,2026-01-28 21:19:56.070000,4086
51,4000,2026-01-28 21:17:18.200000,4082
50,8240,2026-01-28 20:54:37.563333,4084
49,8320,2026-01-28 19:29:18.893333,4082
48,18060,2026-01-28 19:26:46.750000,4084
47,4100,2026-01-28 19:25:06.726666,4082
46,38980,2026-01-28 19:15:59.960000,4086
45,3260,2026-01-28 14:19:24.266666,4090
44,4280,2026-01-28 13:48:41.350000,4088
43,17700,2026-01-28 13:44:08.313333,4090
42,8120,2026-01-28 13:38:50.840000,4088
41,3300,2026-01-28 13:33:00.556666,4088
40,3440,2026-01-28 13:27:27.640000,4084
39,9760,2026-01-28 13:27:08.646666,4084
38,3300,2026-01-28 13:21:40.990000,4084
37,3160,2026-01-28 06:19:06.503333,4084
36,6400,2026-01-28 06:18:59.370000,4090
35,23500,2026-01-28 06:17:22.616666,4086
34,21900,2026-01-28 06:08:06.006666,4088
33,3480,2026-01-27 21:17:14.470000,4090
32,3880,2026-01-27 21:12:30.260000,4088
31,3440,2026-01-27 21:11:13.043333,4086
30,4260,2026-01-27 21:11:00.540000,4090
29,6140,2026-01-27 21:10:23.740000,4088
28,4700,2026-01-27 21:09:31.510000,4088
27,28160,2026-01-27 21:09:26.353333,4084
26,11940,2026-01-27 21:08:12.600000,4086
25,12500,2026-01-27 21:07:11.810000,4088
24,2860,2026-01-27 18:50:30.273333,4086
23,13200,2026-01-27 18:49:56.903333,4088
22,27220,2026-01-27 18:42:28.400000,4084
21,3260,2026-01-27 18:26:30.113333,4086
20,3820,2026-01-27 17:18:11.280000,4082
19,3620,2026-01-27 17:18:02.943333,4088
18,22200,2026-01-27 17:06:41.850000,4086
17,24500,2026-01-27 11:07:18.970000,4088
16,9640,2026-01-27 08:19:07.286666,4088
15,18800,2026-01-27 08:11:03.886666,4086
14,3840,2026-01-26 20:55:21.160000,4084
13,4060,2026-01-26 20:54:50.423333,4088
12,3480,2026-01-26 20:36:11.556666,4088
11,3340,2026-01-26 20:33:01.316666,4088
10,16300,2026-01-26 20:32:14.763333,4086
9,14420,2026-01-26 20:28:15.816666,4090
8,12220,2026-01-26 20:27:17.760000,4084
7,8660,2026-01-26 18:38:31.670000,4090
6,3300,2026-01-26 18:33:35.710000,4090
5,20500,2026-01-26 18:33:25.230000,4088
4,5780,2026-01-26 16:15:31.413333,4088
3,7640,2026-01-26 11:14:50.660000,4086
2,9160,2026-01-26 08:42:08.330000,4088
1,33480,2026-01-26 07:06:08.553333,4088
